Symbol,Security,GICS Sector,GICS Sub Industry,Headquarters Location,Date first added,Founded
MMM,3M Company,Industrials,Industrial Conglomerates,"St. Paul, Minnesota",,1902
ABT,Abbott Laboratories,Health Care,Health Care Equipment,"North Chicago, Illinois",3/31/64,1888
ABBV,AbbVie Inc.,Health Care,Pharmaceuticals,"North Chicago, Illinois",12/31/12,2013 (1888)
ABMD,ABIOMED Inc,Health Care,Health Care Equipment,"Danvers, Massachusetts",5/31/18,1981
ACN,Accenture plc,Information Technology,IT Consulting & Other Services,"Dublin, Ireland",7/6/11,1989
ATVI,Activision Blizzard,Communication Services,Interactive Home Entertainment,"Santa Monica, California",8/31/15,2008
ADBE,Adobe Systems Inc,Information Technology,Application Software,"San Jose, California",5/5/97,1982
AMD,Advanced Micro Devices Inc,Information Technology,Semiconductors,"Sunnyvale, California",3/20/17,1969
AAP,Advance Auto Parts,Consumer Discretionary,Automotive Retail,"Raleigh, North Carolina",7/9/15,1932
AES,AES Corp,Utilities,Independent Power Producers & Energy Traders,"Arlington, Virginia",10/2/98,1981
AMG,Affiliated Managers Group Inc,Financials,Asset Management & Custody Banks,"West Palm Beach, Florida",7/1/14,1993
AFL,AFLAC Inc,Financials,Life & Health Insurance,"Columbus, Georgia",5/28/99,1955
A,Agilent Technologies Inc,Health Care,Health Care Equipment,"Santa Clara, California",6/5/00,1999
APD,Air Products & Chemicals Inc,Materials,Industrial Gases,"Allentown, Pennsylvania",4/30/85,1940
AKAM,Akamai Technologies Inc,Information Technology,Internet Services & Infrastructure,"Cambridge, Massachusetts",7/12/07,1998
ALK,Alaska Air Group Inc,Industrials,Airlines,"Seattle, Washington",5/13/16,1985
ALB,Albemarle Corp,Materials,Specialty Chemicals,"Charlotte, North Carolina",7/1/16,1994
ARE,Alexandria Real Estate Equities,Real Estate,Office REITs,"Pasadena, California",3/20/17,1994
ALXN,Alexion Pharmaceuticals,Health Care,Biotechnology,"Boston, Massachusetts",5/25/12,1992
ALGN,Align Technology,Health Care,Health Care Supplies,"San Jose, California",6/19/17,1997
ALLE,Allegion,Industrials,Building Products,"Dublin, Ireland",12/2/13,1908
AGN,"Allergan, Plc",Health Care,Pharmaceuticals,"Dublin, Ireland",4/12/99,1983
ADS,Alliance Data Systems,Information Technology,Data Processing & Outsourced Services,"Plano, Texas",12/23/13,1996
LNT,Alliant Energy Corp,Utilities,Electric Utilities,"Madison, Wisconsin",7/1/16,1917
ALL,Allstate Corp,Financials,Property & Casualty Insurance,"Northfield Township, Illinois",7/13/95,1931
GOOGL,Alphabet Inc Class A,Communication Services,Interactive Media & Services,"Mountain View, California",4/3/14,1998
GOOG,Alphabet Inc Class C,Communication Services,Interactive Media & Services,"Mountain View, California",4/3/06,1998
MO,Altria Group Inc,Consumer Staples,Tobacco,"Richmond, Virginia",,1985
AMZN,Amazon.com Inc.,Consumer Discretionary,Internet & Direct Marketing Retail,"Seattle, Washington",11/18/05,1994
AMCR,Amcor plc,Materials,Paper Packaging,"Warmley, Bristol, United Kingdom",6/7/19,
AEE,Ameren Corp,Utilities,Multi-Utilities,"St. Louis, Missouri",9/19/91,1902
AAL,American Airlines Group,Industrials,Airlines,"Fort Worth, Texas",3/23/15,1934
AEP,American Electric Power,Utilities,Electric Utilities,"Columbus, Ohio",,1906
AXP,American Express Co,Financials,Consumer Finance,"New York, New York",6/30/76,1850
AIG,American International Group,Financials,Property & Casualty Insurance,"New York, New York",3/31/80,1919
AMT,American Tower Corp.,Real Estate,Specialized REITs,"Boston, Massachusetts",11/19/07,1995
AWK,American Water Works Company Inc,Utilities,Water Utilities,"Camden, New Jersey",3/4/16,1886
AMP,Ameriprise Financial,Financials,Asset Management & Custody Banks,"Minneapolis, Minnesota",10/3/05,1894
ABC,AmerisourceBergen Corp,Health Care,Health Care Distributors,"Chesterbrook, Pennsylvania",8/30/01,1985
AME,AMETEK Inc.,Industrials,Electrical Components & Equipment,"Berwyn, Pennsylvania",9/23/13,1930
AMGN,Amgen Inc.,Health Care,Biotechnology,"Thousand Oaks, California",1/2/92,1980
APH,Amphenol Corp,Information Technology,Electronic Components,"Wallingford, Connecticut",9/30/08,1932
ADI,"Analog Devices, Inc.",Information Technology,Semiconductors,"Norwood, Massachusetts",10/12/99,1965
ANSS,ANSYS,Information Technology,Application Software,"Canonsburg, Pennsylvania",6/19/17,1969
ANTM,Anthem,Health Care,Managed Health Care,"Indianapolis, Indiana",7/25/02,2014 (1940s)
AON,Aon plc,Financials,Insurance Brokers,"London, United Kingdom",4/23/96,1982 (1919)
AOS,A.O. Smith Corp,Industrials,Building Products,"Milwaukee, Wisconsin",7/26/17,1916
APA,Apache Corporation,Energy,Oil & Gas Exploration & Production,"Houston, Texas",7/28/97,1954
AIV,Apartment Investment & Management,Real Estate,Residential REITs,"Denver, Colorado",3/14/03,1994 (1975)
AAPL,Apple Inc.,Information Technology,"Technology Hardware, Storage & Peripherals","Cupertino, California",11/30/82,1977
AMAT,Applied Materials Inc.,Information Technology,Semiconductor Equipment,"Santa Clara, California",3/16/95,1967
APTV,Aptiv Plc,Consumer Discretionary,Auto Parts & Equipment,"Dublin, Ireland",12/24/12,1994
ADM,Archer-Daniels-Midland Co,Consumer Staples,Agricultural Products,"Chicago, Illinois",7/29/81,1902
ARNC,Arconic Inc.,Industrials,Aerospace & Defense,"New York, New York",3/31/64,2016
ANET,Arista Networks,Information Technology,Communications Equipment,"Santa Clara, California",8/28/18,2004
AJG,Arthur J. Gallagher & Co.,Financials,Insurance Brokers,"Itasca, Illinois",5/31/16,
AIZ,Assurant,Financials,Multi-line Insurance,"New York, New York",4/10/07,
ATO,Atmos Energy Corp,Utilities,Gas Utilities,"Dallas, Texas",2/15/19,1906
T,AT&T Inc.,Communication Services,Integrated Telecommunication Services,"Dallas, Texas",11/30/83,1983
ADSK,Autodesk Inc.,Information Technology,Application Software,"San Rafael, California",12/1/89,
ADP,Automatic Data Processing,Information Technology,Internet Services & Infrastructure,"Roseland, New Jersey",3/31/81,
AZO,AutoZone Inc,Consumer Discretionary,Specialty Stores,"Memphis, Tennessee",1/2/97,
AVB,"AvalonBay Communities, Inc.",Real Estate,Residential REITs,"Arlington, Virginia[3]",1/10/07,
AVY,Avery Dennison Corp,Materials,Paper Packaging,"Glendale, California",12/31/87,
BKR,Baker Hughes Co,Energy,Oil & Gas Equipment & Services,"Houston, Texas",7/7/17,2017
BLL,Ball Corp,Materials,Metal & Glass Containers,"Broomfield, Colorado",10/31/84,
BAC,Bank of America Corp,Financials,Diversified Banks,"Charlotte, North Carolina",6/30/76,
BK,The Bank of New York Mellon Corp.,Financials,Asset Management & Custody Banks,"New York, New York",3/31/95,
BAX,Baxter International Inc.,Health Care,Health Care Equipment,"Deerfield, Illinois",9/30/72,1931
BDX,Becton Dickinson,Health Care,Health Care Equipment,"Franklin Lakes, New Jersey",9/30/72,1897
BRK.B,Berkshire Hathaway,Financials,Multi-Sector Holdings,"Omaha, Nebraska",2/16/10,
BBY,Best Buy Co. Inc.,Consumer Discretionary,Computer & Electronics Retail,"Richfield, Minnesota",6/29/99,
BIIB,Biogen Inc.,Health Care,Biotechnology,"Cambridge, Massachusetts",11/13/03,
BLK,BlackRock,Financials,Asset Management & Custody Banks,"New York, New York",4/4/11,
BA,Boeing Company,Industrials,Aerospace & Defense,"Chicago, Illinois",,1916
BKNG,Booking Holdings Inc,Consumer Discretionary,Internet & Direct Marketing Retail,"Norwalk, Connecticut",11/6/09,
BWA,BorgWarner,Consumer Discretionary,Auto Parts & Equipment,"Auburn Hills, Michigan",12/19/11,
BXP,Boston Properties,Real Estate,Office REITs,"Boston, Massachusetts",4/3/06,
BSX,Boston Scientific,Health Care,Health Care Equipment,"Marlborough, Massachusetts[4]",2/24/95,
BMY,Bristol-Myers Squibb,Health Care,Health Care Distributors,"New York, New York",,1989
AVGO,Broadcom Inc.,Information Technology,Semiconductors,"San Jose, California",5/8/14,
BR,Broadridge Financial Solutions,Information Technology,Data Processing & Outsourced Services,"Lake Success, New York",6/18/18,1962
BF.B,Brown-Forman Corp.,Consumer Staples,Distillers & Vintners,"Louisville, Kentucky",10/31/82,
CHRW,C. H. Robinson Worldwide,Industrials,Air Freight & Logistics,"Eden Prairie, Minnesota",3/2/07,
COG,Cabot Oil & Gas,Energy,Oil & Gas Exploration & Production,"Houston, Texas",6/23/08,
CDNS,Cadence Design Systems,Information Technology,Application Software,"San Jose, California",9/18/17,
CPB,Campbell Soup,Consumer Staples,Packaged Foods & Meats,"Camden, New Jersey",,1869
COF,Capital One Financial,Financials,Consumer Finance,"Tysons Corner, Virginia",7/1/98,1935
CPRI,Capri Holdings,Consumer Discretionary,"Apparel, Accessories & Luxury Goods","New York, New York",11/13/13,
CAH,Cardinal Health Inc.,Health Care,Health Care Distributors,"Dublin, Ohio",5/27/97,
KMX,Carmax Inc,Consumer Discretionary,Specialty Stores,"Richmond, Virginia",6/28/10,
CCL,Carnival Corp.,Consumer Discretionary,"Hotels, Resorts & Cruise Lines","Miami, Florida",12/22/98,
CAT,Caterpillar Inc.,Industrials,Construction Machinery & Heavy Trucks,"Deerfield, Illinois",,1925
CBOE,Cboe Global Markets,Financials,Financial Exchanges & Data,"Chicago, Illinois",3/1/17,
CBRE,CBRE Group,Real Estate,Real Estate Services,"Los Angeles, California",11/10/06,
CDW,CDW,Information Technology,Technology Distributors,"Lincolnshire, Illinois",9/23/19,1984
CE,Celanese,Materials,Specialty Chemicals,"Irving, Texas",12/24/18,
CNC,Centene Corporation,Health Care,Managed Health Care,"St Louis, Missouri",3/30/16,
CNP,CenterPoint Energy,Utilities,Multi-Utilities,"Houston, Texas",7/31/85,
CTL,CenturyLink Inc,Communication Services,Integrated Telecommunication Services,"Monroe, Louisiana",3/25/99,
CERN,Cerner,Health Care,Health Care Technology,"North Kansas City, Missouri",4/30/10,
CF,CF Industries Holdings Inc,Materials,Fertilizers & Agricultural Chemicals,"Deerfield, Illinois",8/27/08,
SCHW,Charles Schwab Corporation,Financials,Investment Banking & Brokerage,"San Francisco, California",6/2/97,
CHTR,Charter Communications,Communication Services,Cable & Satellite,"Stamford, Connecticut",9/8/16,
CVX,Chevron Corp.,Energy,Integrated Oil & Gas,"San Ramon, California",,1879
CMG,Chipotle Mexican Grill,Consumer Discretionary,Restaurants,"Newport Beach, California",4/28/11,
CB,Chubb Limited,Financials,Property & Casualty Insurance,"Zurich, Switzerland",7/15/10,
CHD,Church & Dwight,Consumer Staples,Household Products,"Ewing, New Jersey",12/29/15,
CI,CIGNA Corp.,Health Care,Managed Health Care,"Bloomfield, Connecticut",6/30/76,
XEC,Cimarex Energy,Energy,Oil & Gas Exploration & Production,"Denver, Colorado",6/21/14,
CINF,Cincinnati Financial,Financials,Property & Casualty Insurance,"Fairfield, Ohio",12/18/97,
CTAS,Cintas Corporation,Industrials,Diversified Support Services,"Mason, Ohio",3/1/01,
CSCO,Cisco Systems,Information Technology,Communications Equipment,"San Jose, California",12/1/93,
C,Citigroup Inc.,Financials,Diversified Banks,"New York, New York",5/31/88,
CFG,Citizens Financial Group,Financials,Regional Banks,"Providence, Rhode Island",1/29/16,
CTXS,Citrix Systems,Information Technology,Application Software,"Fort Lauderdale, Florida",12/1/99,
CLX,The Clorox Company,Consumer Staples,Household Products,"Oakland, California",3/31/69,1913
CME,CME Group Inc.,Financials,Financial Exchanges & Data,"Chicago, Illinois",8/11/06,
CMS,CMS Energy,Utilities,Multi-Utilities,"Jackson, Michigan",5/3/99,
KO,Coca-Cola Company,Consumer Staples,Soft Drinks,"Atlanta, Georgia",,1886
CTSH,Cognizant Technology Solutions,Information Technology,IT Consulting & Other Services,"Teaneck, New Jersey",11/17/06,
CL,Colgate-Palmolive,Consumer Staples,Household Products,"New York, New York",,1806
CMCSA,Comcast Corp.,Communication Services,Cable & Satellite,"Philadelphia, Pennsylvania",9/18/15,
CMA,Comerica Inc.,Financials,Diversified Banks,"Dallas, Texas",12/1/95,
CAG,Conagra Brands,Consumer Staples,Packaged Foods & Meats,"Chicago, Illinois",8/31/83,
CXO,Concho Resources,Energy,Oil & Gas Exploration & Production,"Midland, Texas",2/22/16,
COP,ConocoPhillips,Energy,Oil & Gas Exploration & Production,"Houston, Texas",,2002
ED,Consolidated Edison,Utilities,Electric Utilities,"New York, New York",,1823
STZ,Constellation Brands,Consumer Staples,Distillers & Vintners,"Victor, New York",7/1/05,
COO,The Cooper Companies,Health Care,Health Care Supplies,"Pleasanton, California",9/23/16,
CPRT,Copart Inc,Industrials,Diversified Support Services,"Dallas, Texas",7/2/18,
GLW,Corning Inc.,Information Technology,Electronic Components,"Corning, New York",,1851
CTVA,Corteva,Materials,Fertilizers & Agricultural Chemicals,"Wilmington, Delaware",6/3/19,2019
COST,Costco Wholesale Corp.,Consumer Staples,Hypermarkets & Super Centers,"Issaquah, Washington",10/1/93,
COTY,"Coty, Inc",Consumer Staples,Personal Products,"New York, New York",10/3/16,
CCI,Crown Castle International Corp.,Real Estate,Specialized REITs,"Houston, Texas",3/14/12,
CSX,CSX Corp.,Industrials,Railroads,"Jacksonville, Florida",9/30/67,1980
CMI,Cummins Inc.,Industrials,Industrial Machinery,"Columbus, Indiana",3/31/65,1919
CVS,CVS Health,Health Care,Health Care Services,"Woonsocket, Rhode Island",,1996
DHI,D. R. Horton,Consumer Discretionary,Homebuilding,"Fort Worth, Texas",,1978
DHR,Danaher Corp.,Health Care,Health Care Equipment,"Washington, D.C.",,1969
DRI,Darden Restaurants,Consumer Discretionary,Restaurants,"Orlando, Florida",,1938
DVA,DaVita Inc.,Health Care,Health Care Facilities,"Denver, Colorado",7/31/08,
DE,Deere & Co.,Industrials,Agricultural & Farm Machinery,"Moline, Illinois",,1837
DAL,Delta Air Lines Inc.,Industrials,Airlines,"Atlanta, Georgia",9/11/13,
XRAY,Dentsply Sirona,Health Care,Health Care Supplies,"York, Pennsylvania",11/14/08,
DVN,Devon Energy,Energy,Oil & Gas Exploration & Production,"Oklahoma City, Oklahoma",8/30/00,
FANG,Diamondback Energy,Energy,Oil & Gas Exploration & Production,"Midland, Texas",12/3/18,2007
DLR,Digital Realty Trust Inc,Real Estate,Specialized REITs,"San Francisco, California",5/18/16,
DFS,Discover Financial Services,Financials,Consumer Finance,"Riverwoods, Illinois",7/2/07,
DISCA,Discovery Inc. Class A,Communication Services,Broadcasting,"Silver Spring, Maryland",3/1/10,
DISCK,Discovery Inc. Class C,Communication Services,Broadcasting,"Silver Spring, Maryland",8/7/14,
DISH,Dish Network,Communication Services,Cable & Satellite,"Meridian, Colorado",3/13/17,
DG,Dollar General,Consumer Discretionary,General Merchandise Stores,"Goodlettsville, Tennessee",12/3/12,
DLTR,Dollar Tree,Consumer Discretionary,General Merchandise Stores,"Chesapeake, Virginia",12/19/11,
D,Dominion Energy,Utilities,Electric Utilities,"Richmond, Virginia",,1983
DOV,Dover Corp.,Industrials,Industrial Machinery,"Downers Grove, Illinois",10/31/85,
DOW,Dow Inc.,Materials,Commodity Chemicals,"Midland, Michigan",4/1/19,2019
DTE,DTE Energy Co.,Utilities,Multi-Utilities,"Detroit, Michigan",,1995
DUK,Duke Energy,Utilities,Electric Utilities,"Charlotte, North Carolina",6/30/76,
DRE,Duke Realty Corp,Real Estate,Industrial REITs,"Indianapolis, Indiana",7/26/17,
DD,DuPont de Nemours Inc,Materials,Specialty Chemicals,"Midland, Michigan",,2017
DXC,DXC Technology,Information Technology,IT Consulting & Other Services,"Tysons Corner, Virginia",4/4/17,
ETFC,E*Trade,Financials,Investment Banking & Brokerage,"New York, New York",3/31/04,
EMN,Eastman Chemical,Materials,Diversified Chemicals,"Kingsport, Tennessee",1/1/94,
ETN,Eaton Corporation,Industrials,Electrical Components & Equipment,"Dublin, Ireland",,1911
EBAY,eBay Inc.,Consumer Discretionary,Internet & Direct Marketing Retail,"San Jose, California",,1995
ECL,Ecolab Inc.,Materials,Specialty Chemicals,"St. Paul, Minnesota",1/31/89,
EIX,Edison Int'l,Utilities,Electric Utilities,"Rosemead, California",,1886
EW,Edwards Lifesciences,Health Care,Health Care Equipment,"Irvine, California",4/1/11,
EA,Electronic Arts,Communication Services,Interactive Home Entertainment,"Redwood City, California",7/22/02,
EMR,Emerson Electric Company,Industrials,Electrical Components & Equipment,"Ferguson, Missouri",3/31/65,1890
ETR,Entergy Corp.,Utilities,Electric Utilities,"New Orleans, Louisiana",,1913
EOG,EOG Resources,Energy,Oil & Gas Exploration & Production,"Houston, Texas",11/2/00,
EFX,Equifax Inc.,Industrials,Research & Consulting Services,"Atlanta, Georgia",6/19/97,
EQIX,Equinix,Real Estate,Specialized REITs,"Redwood City, California",3/20/15,
EQR,Equity Residential,Real Estate,Residential REITs,"Chicago, Illinois",12/3/01,
ESS,"Essex Property Trust, Inc.",Real Estate,Residential REITs,"Palo Alto, California",4/2/14,
EL,Estee Lauder Cos.,Consumer Staples,Personal Products,"New York, New York",1/5/06,
EVRG,Evergy,Utilities,Electric Utilities,"Kansas City, Missouri",6/5/18,1909
ES,Eversource Energy,Utilities,Multi-Utilities,"Springfield, Massachusetts",,1966
RE,Everest Re Group Ltd.,Financials,Reinsurance,"Hamilton, Bermuda",6/19/17,
EXC,Exelon Corp.,Utilities,Multi-Utilities,"Chicago, Illinois",,2000
EXPE,Expedia Group,Consumer Discretionary,Internet & Direct Marketing Retail,"Bellevue, Washington",10/2/07,
EXPD,Expeditors,Industrials,Air Freight & Logistics,"Seattle, Washington",10/10/07,
EXR,Extra Space Storage,Real Estate,Specialized REITs,"Salt Lake City, Utah",1/19/16,
XOM,Exxon Mobil Corp.,Energy,Integrated Oil & Gas,"Irving, Texas",,1999
FFIV,F5 Networks,Information Technology,Communications Equipment,"Seattle, Washington",12/20/10,1996
FB,"Facebook, Inc.",Communication Services,Interactive Media & Services,"Menlo Park, California",12/23/13,
FAST,Fastenal Co,Industrials,Building Products,"Winona, Minnesota",9/15/09,
FRT,Federal Realty Investment Trust,Real Estate,Retail REITs,"Rockville, Maryland",2/1/16,
FDX,FedEx Corporation,Industrials,Air Freight & Logistics,"Memphis, Tennessee",12/31/80,
FIS,Fidelity National Information Services,Information Technology,Data Processing & Outsourced Services,"Jacksonville, Florida",11/10/06,
FITB,Fifth Third Bancorp,Financials,Regional Banks,"Cincinnati, Ohio",,1858
FE,FirstEnergy Corp,Utilities,Electric Utilities,"Akron, Ohio",,1997
FRC,First Republic Bank,Financials,Regional Banks,"San Francisco, California",1/2/19,1985
FISV,Fiserv Inc,Information Technology,Data Processing & Outsourced Services,"Brookfield, Wisconsin",4/2/01,
FLT,FleetCor Technologies Inc,Information Technology,Data Processing & Outsourced Services,"Norcross, Georgia",6/20/18,2000
FLIR,FLIR Systems,Information Technology,Electronic Equipment & Instruments,"Wilsonville, Oregon",1/2/09,
FLS,Flowserve Corporation,Industrials,Industrial Machinery,"Irving, Texas",10/2/08,
FMC,FMC Corporation,Materials,Fertilizers & Agricultural Chemicals,"Philadelphia, Pennsylvania",8/19/09,
F,Ford Motor,Consumer Discretionary,Automobile Manufacturers,"Dearborn, Michigan",,1903
FTNT,Fortinet,Information Technology,Systems Software,"Sunnyvale, California",10/11/18,2000
FTV,Fortive Corp,Industrials,Industrial Machinery,"Everett, Washington",7/1/16,
FBHS,Fortune Brands Home & Security,Industrials,Building Products,"Deerfield, Illinois",6/22/16,
FOXA,Fox Corporation Class A,Communication Services,Movies & Entertainment,"New York, New York",7/1/13,
FOX,Fox Corporation Class B,Communication Services,Movies & Entertainment,"New York, New York",9/18/15,
BEN,Franklin Resources,Financials,Asset Management & Custody Banks,"San Mateo, California",,1947
FCX,Freeport-McMoRan Inc.,Materials,Copper,"Phoenix, Arizona",,1912
GPS,Gap Inc.,Consumer Discretionary,Apparel Retail,"San Francisco, California",8/31/86,
GRMN,Garmin Ltd.,Consumer Discretionary,Consumer Electronics,"Schaffhausen, Switzerland",12/12/12,
IT,Gartner Inc,Information Technology,IT Consulting & Other Services,"Stamford, Connecticut",4/5/17,
GD,General Dynamics,Industrials,Aerospace & Defense,"Falls Church, Virginia",,1899
GE,General Electric,Industrials,Industrial Conglomerates,"Boston, Massachusetts",,1892
GIS,General Mills,Consumer Staples,Packaged Foods & Meats,"Golden Valley, Minnesota",3/31/69,1856
GM,General Motors,Consumer Discretionary,Automobile Manufacturers,"Detroit, Michigan",6/6/13,
GPC,Genuine Parts,Consumer Discretionary,Specialty Stores,"Atlanta, Georgia",12/31/73,1925
GILD,Gilead Sciences,Health Care,Biotechnology,"Foster City, California",7/1/04,
GL,Globe Life Inc.,Financials,Life & Health Insurance,"McKinney, Texas",4/30/89,
GPN,Global Payments Inc.,Information Technology,Data Processing & Outsourced Services,"Atlanta, Georgia",4/25/16,
GS,Goldman Sachs Group,Financials,Investment Banking & Brokerage,"New York, New York",7/22/02,
GWW,Grainger (W.W.) Inc.,Industrials,Industrial Machinery,"Lake Forest, Illinois",6/30/81,
HRB,H&R Block,Consumer Discretionary,Specialized Consumer Services,"Kansas City, Missouri",11/30/86,
HAL,Halliburton Co.,Energy,Oil & Gas Equipment & Services,"Houston, Texas",,1919
HBI,Hanesbrands Inc,Consumer Discretionary,"Apparel, Accessories & Luxury Goods","Winston-Salem, North Carolina",3/20/15,
HOG,Harley-Davidson,Consumer Discretionary,Motorcycle Manufacturers,"Milwaukee, Wisconsin",,1903
HIG,Hartford Financial Svc.Gp.,Financials,Property & Casualty Insurance,"Hartford, Connecticut",,
HAS,Hasbro Inc.,Consumer Discretionary,Leisure Products,"Pawtucket, Rhode Island",9/30/84,
HCA,HCA Healthcare,Health Care,Health Care Facilities,"Nashville, Tennessee",1/27/15,
PEAK,Healthpeak Properties,Real Estate,Health Care REITs,"Long Beach, California",3/31/08,
HP,Helmerich & Payne,Energy,Oil & Gas Drilling,"Tulsa, Oklahoma[5]",3/1/10,
HSIC,Henry Schein,Health Care,Health Care Distributors,"Melville, New York",3/17/15,
HSY,The Hershey Company,Consumer Staples,Packaged Foods & Meats,"Hershey, Pennsylvania",,1894
HES,Hess Corporation,Energy,Integrated Oil & Gas,"New York, New York",5/31/84,
HPE,Hewlett Packard Enterprise,Information Technology,"Technology Hardware, Storage & Peripherals","Palo Alto, California",11/2/15,
HLT,Hilton Worldwide Holdings Inc,Consumer Discretionary,"Hotels, Resorts & Cruise Lines","Tysons Corner, Virginia",6/19/17,
HFC,HollyFrontier Corp,Energy,Oil & Gas Refining & Marketing,"Dallas, Texas",6/18/18,
HOLX,Hologic,Health Care,Health Care Equipment,"Marlborough, Massachusetts",3/30/16,
HD,Home Depot,Consumer Discretionary,Home Improvement Retail,"Atlanta, Georgia",3/31/88,
HON,Honeywell Int'l Inc.,Industrials,Industrial Conglomerates,"Morristown, New Jersey",3/31/64,1906
HRL,Hormel Foods Corp.,Consumer Staples,Packaged Foods & Meats,"Austin, Minnesota",3/4/09,
HST,Host Hotels & Resorts,Real Estate,Hotel & Resort REITs,"Bethesda, Maryland",3/20/07,
HPQ,HP Inc.,Information Technology,"Technology Hardware, Storage & Peripherals","Palo Alto, California",12/31/74,1939 (2015)
HUM,Humana Inc.,Health Care,Managed Health Care,"Louisville, Kentucky",,1961
HBAN,Huntington Bancshares,Financials,Regional Banks,"Columbus, Ohio",,1866
HII,Huntington Ingalls Industries,Industrials,Aerospace & Defense,"Newport News, Virginia",1/3/18,
IEX,IDEX Corporation,Industrials,Industrial Machinery,"Lake Forest, Illinois",8/9/19,1988
IDXX,IDEXX Laboratories,Health Care,Health Care Equipment,"Westbrook, Maine",1/5/17,
INFO,IHS Markit Ltd.,Industrials,Research & Consulting Services,"London, United Kingdom",6/2/17,
ITW,Illinois Tool Works,Industrials,Industrial Machinery,"Glenview, Illinois",2/28/86,
ILMN,Illumina Inc,Health Care,Life Sciences Tools & Services,"San Diego, California",11/19/15,
IR,Ingersoll-Rand PLC,Industrials,Industrial Machinery,"Dublin, Ireland",11/17/10,
INTC,Intel Corp.,Information Technology,Semiconductors,"Santa Clara, California",12/31/76,
ICE,Intercontinental Exchange,Financials,Financial Exchanges & Data,"Atlanta, Georgia",9/26/07,
IBM,International Business Machines,Information Technology,IT Consulting & Other Services,"Armonk, New York",,1911
INCY,Incyte,Health Care,Biotechnology,"Wilmington, Delaware",2/28/17,
IP,International Paper,Materials,Paper Packaging,"Memphis, Tennessee",,1898
IPG,Interpublic Group,Communication Services,Advertising,"New York, New York",10/1/92,
IFF,Intl Flavors & Fragrances,Materials,Specialty Chemicals,"New York, New York",3/31/76,
INTU,Intuit Inc.,Information Technology,Application Software,"Mountain View, California",12/5/00,
ISRG,Intuitive Surgical Inc.,Health Care,Health Care Equipment,"Sunnyvale, California",6/2/08,
IVZ,Invesco Ltd.,Financials,Asset Management & Custody Banks,"Atlanta, Georgia",8/21/08,
IPGP,IPG Photonics Corp.,Information Technology,Electronic Manufacturing Services,"Oxford, Massachusetts",3/7/18,
IQV,IQVIA Holdings Inc.,Health Care,Life Sciences Tools & Services,"Durham, North Carolina",8/29/17,
IRM,Iron Mountain Incorporated,Real Estate,Specialized REITs,"Boston, Massachusetts",1/6/09,
JKHY,Jack Henry & Associates,Information Technology,Data Processing & Outsourced Services,"Monett, Missouri",11/13/18,
J,Jacobs Engineering Group,Industrials,Construction & Engineering,"Pasadena, California",10/26/07,
JBHT,J. B. Hunt Transport Services,Industrials,Trucking,"Lowell, Arkansas",7/1/15,
SJM,JM Smucker,Consumer Staples,Packaged Foods & Meats,"Orrville, Ohio",11/6/08,
JNJ,Johnson & Johnson,Health Care,Pharmaceuticals,"New Brunswick, New Jersey",6/30/73,1886
JCI,Johnson Controls International,Industrials,Building Products,"Cork, Ireland",8/27/10,
JPM,JPMorgan Chase & Co.,Financials,Diversified Banks,"New York, New York",6/30/75,
JNPR,Juniper Networks,Information Technology,Communications Equipment,"Sunnyvale, California",,1996
KSU,Kansas City Southern,Industrials,Railroads,"Kansas City, Missouri",5/24/13,
K,Kellogg Co.,Consumer Staples,Packaged Foods & Meats,"Battle Creek, Michigan",,1906
KEY,KeyCorp,Financials,Regional Banks,"Cleveland, Ohio",3/1/94,
KEYS,Keysight Technologies,Information Technology,Electronic Equipment & Instruments,"Santa Rosa, California",11/6/18,2014
KMB,Kimberly-Clark,Consumer Staples,Household Products,"Irving, Texas",,1872
KIM,Kimco Realty,Real Estate,Retail REITs,"New Hyde Park, New York",4/4/06,
KMI,Kinder Morgan,Energy,Oil & Gas Storage & Transportation,"Houston, Texas",5/25/12,
KLAC,KLA Corporation,Information Technology,Semiconductor Equipment,"Milpitas, California",,1975/1977 (1997)
KSS,Kohl's Corp.,Consumer Discretionary,General Merchandise Stores,"Menomonee Falls, Wisconsin",,1962
KHC,Kraft Heinz Co,Consumer Staples,Packaged Foods & Meats,"Chicago, Illinois; Pittsburgh, Pennsylvania",7/6/15,
KR,Kroger Co.,Consumer Staples,Food Retail,"Cincinnati, Ohio",,1883
LB,L Brands Inc.,Consumer Discretionary,Apparel Retail,"Columbus, Ohio",9/30/83,
LHX,L3Harris Technologies,Industrials,Aerospace & Defense,"Melbourne, Florida",,
LH,Laboratory Corp. of America Holding,Health Care,Health Care Services,"Burlington, North Carolina",11/1/04,
LRCX,Lam Research,Information Technology,Semiconductor Equipment,"Fremont, California",6/29/12,
LW,Lamb Weston Holdings Inc,Consumer Staples,Packaged Foods & Meats,"Eagle, Idaho",12/3/18,
LVS,Las Vegas Sands,Consumer Discretionary,Casinos & Gaming,"Las Vegas, Nevada",10/3/19,
LEG,Leggett & Platt,Consumer Discretionary,Home Furnishings,"Carthage, Missouri",,1883
LDOS,Leidos Holdings,Information Technology,IT Consulting & Other Services,"Reston, Virginia",8/9/19,1969
LEN,Lennar Corp.,Consumer Discretionary,Homebuilding,"Miami, Florida",10/4/05,
LLY,Lilly (Eli) & Co.,Health Care,Pharmaceuticals,"Indianapolis, Indiana",12/31/70,1876
LNC,Lincoln National,Financials,Multi-line Insurance,"Radnor, Pennsylvania",6/30/76,
LIN,Linde plc,Materials,Industrial Gases,"Guildford, Surrey, United Kingdom",7/1/92,
LKQ,LKQ Corporation,Consumer Discretionary,Distributors,"Chicago, Illinois",5/23/16,
LMT,Lockheed Martin Corp.,Industrials,Aerospace & Defense,"Bethesda, Maryland",7/31/84,
L,Loews Corp.,Financials,Multi-line Insurance,"New York, New York",,
LOW,Lowe's Cos.,Consumer Discretionary,Home Improvement Retail,"Mooresville, North Carolina",2/29/84,1904/1946/1959
LYB,LyondellBasell,Materials,Specialty Chemicals,"Rotterdam, Netherlands",9/5/12,
MTB,M&T Bank Corp.,Financials,Regional Banks,"Buffalo, New York",,1856
MAC,Macerich,Real Estate,Retail REITs,"Santa Monica, California",5/9/13,
M,Macy's Inc.,Consumer Discretionary,Department Stores,"Cincinnati, Ohio",,1929
MRO,Marathon Oil Corp.,Energy,Oil & Gas Exploration & Production,"Houston, Texas",5/1/91,
MPC,Marathon Petroleum,Energy,Oil & Gas Refining & Marketing,"Findlay, Ohio",7/1/11,
MKTX,MarketAxess,Financials,Financial Exchanges & Data,"New York, New York",7/1/19,2000
MAR,Marriott Int'l.,Consumer Discretionary,"Hotels, Resorts & Cruise Lines","Bethesda, Maryland",,1927
MMC,Marsh & McLennan,Financials,Insurance Brokers,"New York, New York",8/31/87,
MLM,Martin Marietta Materials,Materials,Construction Materials,"Raleigh, North Carolina",7/2/14,
MAS,Masco Corp.,Industrials,Building Products,"Taylor, Michigan",6/30/81,
MA,Mastercard Inc.,Information Technology,Data Processing & Outsourced Services,"Harrison, New York",7/18/08,
MKC,McCormick & Co.,Consumer Staples,Packaged Foods & Meats,"Sparks, Maryland",,1889
MXIM,Maxim Integrated Products Inc,Information Technology,Semiconductors,"San Jose, California",12/3/18,1983
MCD,McDonald's Corp.,Consumer Discretionary,Restaurants,"Chicago, Illinois",6/30/70,1940
MCK,McKesson Corp.,Health Care,Health Care Distributors,"Irving, Texas",,1833
MDT,Medtronic plc,Health Care,Health Care Equipment,"Dublin, Ireland",10/31/86,
MRK,Merck & Co.,Health Care,Pharmaceuticals,"Whitehouse Station, New Jersey",,1891
MET,MetLife Inc.,Financials,Life & Health Insurance,"New York, New York",,1868
MTD,Mettler Toledo,Health Care,Life Sciences Tools & Services,"Columbus, Ohio",9/6/16,
MGM,MGM Resorts International,Consumer Discretionary,Casinos & Gaming,"Paradise, Nevada",7/26/17,
MCHP,Microchip Technology,Information Technology,Semiconductors,"Chandler, Arizona",9/7/07,
MU,Micron Technology,Information Technology,Semiconductors,"Boise, Idaho",9/27/94,
MSFT,Microsoft Corp.,Information Technology,Systems Software,"Redmond, Washington",6/1/94,1975
MAA,Mid-America Apartments,Real Estate,Residential REITs,"Memphis, Tennessee",12/2/16,
MHK,Mohawk Industries,Consumer Discretionary,Home Furnishings,"Amsterdam, New York",12/23/13,
TAP,Molson Coors Brewing Company,Consumer Staples,Brewers,"Denver, Colorado",6/30/76,
MDLZ,Mondelez International,Consumer Staples,Packaged Foods & Meats,"Deerfield, Illinois",10/2/12,
MNST,Monster Beverage,Consumer Staples,Soft Drinks,"Corona, California",6/28/12,
MCO,Moody's Corp,Financials,Financial Exchanges & Data,"New York, New York",,1909
MS,Morgan Stanley,Financials,Investment Banking & Brokerage,"New York, New York",,1935
MOS,The Mosaic Company,Materials,Fertilizers & Agricultural Chemicals,"Plymouth, Minnesota",9/26/11,
MSI,Motorola Solutions Inc.,Information Technology,Communications Equipment,"Schaumburg, Illinois",,1928 (2011)
MSCI,MSCI Inc,Financials,Financial Exchanges & Data,"New York, New York",4/4/18,
MYL,Mylan N.V.,Health Care,Pharmaceuticals,"Amsterdam, Netherlands",4/23/04,
NDAQ,"Nasdaq, Inc.",Financials,Financial Exchanges & Data,"New York, New York",10/22/08,
NOV,National Oilwell Varco Inc.,Energy,Oil & Gas Equipment & Services,"Houston, Texas",3/14/05,
NTAP,NetApp,Information Technology,"Technology Hardware, Storage & Peripherals","Sunnyvale, California",6/25/99,
NFLX,Netflix Inc.,Communication Services,Movies & Entertainment,"Los Gatos, California",12/20/10,1997
NWL,Newell Brands,Consumer Discretionary,Housewares & Specialties,"Hoboken, New Jersey",4/30/89,
NEM,Newmont Goldcorp,Materials,Gold,"Denver, Colorado",6/30/69,1921
NWSA,News Corp. Class A,Communication Services,Publishing,"New York, New York",8/1/13,
NWS,News Corp. Class B,Communication Services,Publishing,"New York, New York",9/18/15,
NEE,NextEra Energy,Utilities,Multi-Utilities,"Juno Beach, Florida",6/30/76,
NLSN,Nielsen Holdings,Industrials,Research & Consulting Services,"New York, New York",7/9/13,
NKE,Nike,Consumer Discretionary,"Apparel, Accessories & Luxury Goods","Washington County, Oregon",11/30/88,
NI,NiSource Inc.,Utilities,Multi-Utilities,"Merrillville, Indiana",,1912
NBL,Noble Energy Inc,Energy,Oil & Gas Exploration & Production,"Houston, Texas",10/8/07,
JWN,Nordstrom,Consumer Discretionary,Department Stores,"Seattle, Washington",8/31/86,
NSC,Norfolk Southern Corp.,Industrials,Railroads,"Norfolk, Virginia",,1881/1894 (1980)
NTRS,Northern Trust Corp.,Financials,Asset Management & Custody Banks,"Chicago, Illinois",,1889
NOC,Northrop Grumman,Industrials,Aerospace & Defense,"West Falls Church, Virginia",6/30/85,
NLOK,NortonLifeLock,Information Technology,Application Software,"Tempe, Arizona",3/25/03,
NCLH,Norwegian Cruise Line Holdings,Consumer Discretionary,"Hotels, Resorts & Cruise Lines","Miami, Florida",10/13/17,
NRG,NRG Energy,Utilities,Independent Power Producers & Energy Traders,"Princeton, New Jersey",1/29/10,
NUE,Nucor Corp.,Materials,Steel,"Charlotte, North Carolina",4/30/85,
NVDA,Nvidia Corporation,Information Technology,Semiconductors,"Santa Clara, California",11/30/01,
NVR,NVR Inc,Consumer Discretionary,Homebuilding,"Reston, VA",9/26/19,
ORLY,O'Reilly Automotive,Consumer Discretionary,Specialty Stores,"Springfield, Missouri",3/27/09,
OXY,Occidental Petroleum,Energy,Oil & Gas Exploration & Production,"Houston, Texas",12/31/82,
ODFL,Old Dominion Freight Line,Industrials,Trucking,"Thomasville, North Carolina",12/9/19,
OMC,Omnicom Group,Communication Services,Advertising,"New York, New York",,1986
OKE,ONEOK,Energy,Oil & Gas Storage & Transportation,"Tulsa, Oklahoma",3/15/10,
ORCL,Oracle Corp.,Information Technology,Application Software,"Redwood Shores, California",8/31/89,
PCAR,PACCAR Inc.,Industrials,Construction Machinery & Heavy Trucks,"Bellevue, Washington",12/31/80,
PKG,Packaging Corporation of America,Materials,Paper Packaging,"Lake Forest, Illinois",7/26/17,
PH,Parker-Hannifin,Industrials,Industrial Machinery,"Cleveland, Ohio",11/30/85,
PAYX,Paychex Inc.,Information Technology,Data Processing & Outsourced Services,"Penfield, New York",,1971
PYPL,PayPal,Information Technology,Data Processing & Outsourced Services,"San Jose, California",7/20/15,
PNR,Pentair plc,Industrials,Industrial Machinery,"Worsley, UK",10/1/12,
PBCT,People's United Financial,Financials,Thrifts & Mortgage Finance,"Bridgeport, Connecticut",11/13/08,
PEP,PepsiCo Inc.,Consumer Staples,Soft Drinks,"Purchase, New York",,1898
PKI,PerkinElmer,Health Care,Health Care Equipment,"Waltham, Massachusetts",5/31/85,
PRGO,Perrigo,Health Care,Pharmaceuticals,"Dublin, Ireland",12/19/11,
PFE,Pfizer Inc.,Health Care,Pharmaceuticals,"New York, New York",,1849
PM,Philip Morris International,Consumer Staples,Tobacco,"New York, New York",3/31/08,
PSX,Phillips 66,Energy,Oil & Gas Refining & Marketing,"Houston, Texas",5/1/12,
PNW,Pinnacle West Capital,Utilities,Multi-Utilities,"Phoenix, Arizona",,1985
PXD,Pioneer Natural Resources,Energy,Oil & Gas Exploration & Production,"Irving, Texas",9/24/08,
PNC,PNC Financial Services,Financials,Regional Banks,"Pittsburgh, Pennsylvania",4/30/88,
PPG,PPG Industries,Materials,Specialty Chemicals,"Pittsburgh, Pennsylvania",,1883
PPL,PPL Corp.,Utilities,Electric Utilities,"Allentown, Pennsylvania",,
PFG,Principal Financial Group,Financials,Life & Health Insurance,"Des Moines, Iowa",7/22/02,
PG,Procter & Gamble,Consumer Staples,Personal Products,"Cincinnati, Ohio",,1837
PGR,Progressive Corp.,Financials,Property & Casualty Insurance,"Mayfield Village, Ohio",8/4/97,
PLD,Prologis,Real Estate,Industrial REITs,"San Francisco, California",7/17/03,
PRU,Prudential Financial,Financials,Life & Health Insurance,"Newark, New Jersey",7/22/02,
PEG,Public Serv. Enterprise Inc.,Utilities,Electric Utilities,"Newark, New Jersey",,
PSA,Public Storage,Real Estate,Specialized REITs,"Glendale, California",8/19/05,
PHM,Pulte Homes Inc.,Consumer Discretionary,Homebuilding,"Atlanta, Georgia",4/30/84,
PVH,PVH Corp.,Consumer Discretionary,"Apparel, Accessories & Luxury Goods","New York, New York",2/15/13,
QRVO,Qorvo,Information Technology,Semiconductors,"Greensboro, North Carolina",6/11/15,
PWR,Quanta Services Inc.,Industrials,Construction & Engineering,"Houston, Texas",7/1/09,
QCOM,QUALCOMM Inc.,Information Technology,Semiconductors,"San Diego, California",,1985
DGX,Quest Diagnostics,Health Care,Health Care Services,"Madison, New Jersey",12/12/02,
RL,Ralph Lauren Corporation,Consumer Discretionary,"Apparel, Accessories & Luxury Goods","New York, New York",2/2/07,
RJF,Raymond James Financial Inc.,Financials,Investment Banking & Brokerage,"St. Petersburg, Florida",3/20/17,
RTN,Raytheon Co.,Industrials,Aerospace & Defense,"Waltham, Massachusetts",,1922
O,Realty Income Corporation,Real Estate,Retail REITs,"San Diego, California",4/7/15,
REG,Regency Centers Corporation,Real Estate,Retail REITs,"Jacksonville, Florida",3/2/17,
REGN,Regeneron Pharmaceuticals,Health Care,Biotechnology,"Tarrytown, New York",5/1/13,
RF,Regions Financial Corp.,Financials,Regional Banks,"Birmingham, Alabama",8/28/98,
RSG,Republic Services Inc,Industrials,Environmental & Facilities Services,"Phoenix, Arizona",12/5/08,
RMD,ResMed,Health Care,Health Care Equipment,"San Diego, California",7/26/17,
RHI,Robert Half International,Industrials,Human Resource & Employment Services,"Menlo Park, California",12/5/00,
ROK,Rockwell Automation Inc.,Industrials,Electrical Components & Equipment,"Milwaukee, Wisconsin",,
ROL,Rollins Inc.,Industrials,Environmental & Facilities Services,"Atlanta, Georgia",10/1/18,
ROP,Roper Technologies,Industrials,Industrial Conglomerates,"Sarasota, Florida",12/23/09,
ROST,Ross Stores,Consumer Discretionary,Apparel Retail,"Pleasanton, California",12/21/09,
RCL,Royal Caribbean Cruises Ltd,Consumer Discretionary,"Hotels, Resorts & Cruise Lines","Miami, Florida",12/5/14,
SPGI,"S&P Global, Inc.",Financials,Financial Exchanges & Data,"New York, New York",,
CRM,Salesforce.com,Information Technology,Application Software,"San Francisco, California",9/15/08,
SBAC,SBA Communications,Real Estate,Specialized REITs,"Boca Raton, Florida",9/1/17,
SLB,Schlumberger Ltd.,Energy,Oil & Gas Equipment & Services,"Curaçao, Kingdom of the Netherlands",3/31/65,1926
STX,Seagate Technology,Information Technology,"Technology Hardware, Storage & Peripherals","Dublin, Ireland",7/2/12,
SEE,Sealed Air,Materials,Paper Packaging,"Elmwood Park, New Jersey",,
SRE,Sempra Energy,Utilities,Multi-Utilities,"San Diego, California",,
NOW,ServiceNow,Information Technology,Systems Software,"Santa Clara, California",11/21/19,2003
SHW,Sherwin-Williams,Materials,Specialty Chemicals,"Cleveland, Ohio",6/30/64,1866
SPG,Simon Property Group Inc,Real Estate,Retail REITs,"Indianapolis, Indiana",6/26/02,2003
SWKS,Skyworks Solutions,Information Technology,Semiconductors,"Woburn, Massachusetts",3/12/15,
SLG,SL Green Realty,Real Estate,Office REITs,"New York, New York",3/20/15,
SNA,Snap-on,Industrials,Industrial Machinery,"Kenosha, Wisconsin",9/30/82,1920
SO,Southern Co.,Utilities,Electric Utilities,"Atlanta, Georgia",,
LUV,Southwest Airlines,Industrials,Airlines,"Dallas, Texas",7/1/94,
SWK,Stanley Black & Decker,Industrials,Industrial Machinery,"New Britain, Connecticut",9/30/82,
SBUX,Starbucks Corp.,Consumer Discretionary,Restaurants,"Seattle, Washington",,1971
STT,State Street Corp.,Financials,Asset Management & Custody Banks,"Boston, Massachusetts",,
SYK,Stryker Corp.,Health Care,Health Care Equipment,"Kalamazoo, Michigan",12/12/00,
SIVB,SVB Financial,Financials,Regional Banks,"Santa Clara, California",3/19/18,
SYF,Synchrony Financial,Financials,Consumer Finance,"Stamford, Connecticut",11/18/15,
SNPS,Synopsys Inc.,Information Technology,Application Software,"Mountain View, California",3/16/17,
SYY,Sysco Corp.,Consumer Staples,Food Distributors,"Houston, Texas",12/31/86,
TMUS,T-Mobile US,Communication Services,Wireless Telecommunication Services,"Bellevue, Washington",7/15/19,
TROW,T. Rowe Price Group,Financials,Asset Management & Custody Banks,"Baltimore, Maryland",,1937
TTWO,Take-Two Interactive,Communication Services,Interactive Home Entertainment,"New York, New York",3/19/18,
TPR,"Tapestry, Inc.",Consumer Discretionary,"Apparel, Accessories & Luxury Goods","New York, New York",,2017
TGT,Target Corp.,Consumer Discretionary,General Merchandise Stores,"Minneapolis, Minnesota",12/31/76,
TEL,TE Connectivity Ltd.,Information Technology,Electronic Manufacturing Services,"Schaffhausen, Switzerland",10/17/11,
FTI,TechnipFMC,Energy,Oil & Gas Equipment & Services,"London, United Kingdom",6/5/09,
TFX,Teleflex,Health Care,Health Care Equipment,"Wayne, Pennsylvania",1/18/19,1943
TXN,Texas Instruments,Information Technology,Semiconductors,"Dallas, Texas",,1930
TXT,Textron Inc.,Industrials,Aerospace & Defense,"Providence, Rhode Island",12/31/78,
TMO,Thermo Fisher Scientific,Health Care,Life Sciences Tools & Services,"Waltham, Massachusetts",,2006
TIF,Tiffany & Co.,Consumer Discretionary,"Apparel, Accessories & Luxury Goods","New York, New York",6/21/00,
TJX,TJX Companies Inc.,Consumer Discretionary,Apparel Retail,"Framingham, Massachusetts",9/30/85,
TSCO,Tractor Supply Company,Consumer Discretionary,Specialty Stores,"Brentwood, Tennessee",1/24/14,
TDG,TransDigm Group,Industrials,Aerospace & Defense,"Cleveland, Ohio",6/3/16,
TRV,The Travelers Companies Inc.,Financials,Property & Casualty Insurance,"New York, New York",8/21/02,
TRIP,TripAdvisor,Communication Services,Interactive Media & Services,"Newton, Massachusetts",12/21/11,
TFC,Truist Financial,Financials,Regional Banks,"Charlotte, North Carolina",12/4/97,
TWTR,"Twitter, Inc.",Communication Services,Interactive Media & Services,"San Francisco, California",6/7/18,
TSN,Tyson Foods,Consumer Staples,Packaged Foods & Meats,"Springdale, Arkansas",,
UDR,"UDR, Inc.",Real Estate,Residential REITs,"Highlands Ranch, Colorado",3/7/16,
ULTA,Ulta Beauty,Consumer Discretionary,Specialty Stores,"Bolingbrook, Illinois",4/18/16,
USB,U.S. Bancorp,Financials,Diversified Banks,"Minneapolis, Minnesota",,1968
UAA,Under Armour Class A,Consumer Discretionary,"Apparel, Accessories & Luxury Goods","Baltimore, Maryland",3/25/16,
UA,Under Armour Class C,Consumer Discretionary,"Apparel, Accessories & Luxury Goods","Baltimore, Maryland",5/1/14,
UNP,Union Pacific Corp,Industrials,Railroads,"Omaha, Nebraska",,
UAL,United Airlines Holdings,Industrials,Airlines,"Chicago, Illinois",9/3/15,
UNH,United Health Group Inc.,Health Care,Managed Health Care,"Minnetonka, Minnesota",7/1/94,
UPS,United Parcel Service,Industrials,Air Freight & Logistics,"Atlanta, Georgia",7/22/02,
URI,"United Rentals, Inc.",Industrials,Trading Companies & Distributors,"Stamford, Connecticut",9/20/14,
UTX,United Technologies,Industrials,Aerospace & Defense,"Hartford, Connecticut",,
UHS,"Universal Health Services, Inc.",Health Care,Health Care Facilities,"King of Prussia, Pennsylvania",9/20/14,
UNM,Unum Group,Financials,Life & Health Insurance,"Chattanooga, Tennessee",3/1/94,
VFC,V.F. Corp.,Consumer Discretionary,"Apparel, Accessories & Luxury Goods","Greensboro, North Carolina",6/30/79,
VLO,Valero Energy,Energy,Oil & Gas Refining & Marketing,"San Antonio, Texas",,1980
VAR,Varian Medical Systems,Health Care,Health Care Equipment,"Palo Alto, California",2/12/07,
VTR,Ventas Inc,Real Estate,Health Care REITs,"Chicago, Illinois",3/4/09,
VRSN,Verisign Inc.,Information Technology,Internet Services & Infrastructure,"Dulles, Virginia",2/1/06,
VRSK,Verisk Analytics,Industrials,Research & Consulting Services,"Jersey City, New Jersey",10/8/15,
VZ,Verizon Communications,Communication Services,Integrated Telecommunication Services,"New York, New York",11/30/83,
VRTX,Vertex Pharmaceuticals Inc,Health Care,Biotechnology,"Cambridge, Massachusetts",9/23/13,
VIAC,ViacomCBS,Communication Services,Movies & Entertainment,"New York, New York",,
V,Visa Inc.,Information Technology,Data Processing & Outsourced Services,"San Francisco, California",12/21/09,
VNO,Vornado Realty Trust,Real Estate,Office REITs,"New York, New York",,
VMC,Vulcan Materials,Materials,Construction Materials,"Birmingham, Alabama",6/30/99,
WRB,W. R. Berkley Corporation,Financials,Property & Casualty Insurance,"Greenwich, Connecticut",12/5/19,1967
WAB,Wabtec Corporation,Industrials,Construction Machinery & Heavy Trucks,"Wilmerding, Pennsylvania",2/27/19,
WMT,Walmart,Consumer Staples,Hypermarkets & Super Centers,"Bentonville, Arkansas",8/31/82,
WBA,Walgreens Boots Alliance,Consumer Staples,Drug Retail,"Deerfield, Illinois",12/31/79,
DIS,The Walt Disney Company,Communication Services,Movies & Entertainment,"Burbank, California",6/30/76,
WM,Waste Management Inc.,Industrials,Environmental & Facilities Services,"Houston, Texas",,1968
WAT,Waters Corporation,Health Care,Health Care Distributors,"Milford, Massachusetts",,1958
WEC,Wec Energy Group Inc,Utilities,Electric Utilities,"Milwaukee, Wisconsin",10/31/08,
WCG,WellCare,Health Care,Managed Health Care,"Tampa, Florida",1985,
WFC,Wells Fargo,Financials,Diversified Banks,"San Francisco, California",6/30/76,
WELL,Welltower Inc.,Real Estate,Health Care REITs,"Toledo, Ohio",1/30/09,
WDC,Western Digital,Information Technology,"Technology Hardware, Storage & Peripherals","Irvine, California",7/1/09,
WU,Western Union Co,Information Technology,Data Processing & Outsourced Services,"Englewood, Colorado",,1851
WRK,WestRock,Materials,Paper Packaging,"Richmond, Virginia",,
WY,Weyerhaeuser,Real Estate,Specialized REITs,"Federal Way, Washington",,
WHR,Whirlpool Corp.,Consumer Discretionary,Household Appliances,"Benton Harbor, Michigan",,1911
WMB,Williams Cos.,Energy,Oil & Gas Storage & Transportation,"Tulsa, Oklahoma",3/31/75,
WLTW,Willis Towers Watson,Financials,Insurance Brokers,"London, United Kingdom",1/5/16,
WYNN,Wynn Resorts Ltd,Consumer Discretionary,Casinos & Gaming,"Paradise, Nevada",11/14/08,
XEL,Xcel Energy Inc,Utilities,Multi-Utilities,"Minneapolis, Minnesota",,1909
XRX,Xerox,Information Technology,"Technology Hardware, Storage & Peripherals","Norwalk, Connecticut",,1906
XLNX,Xilinx,Information Technology,Semiconductors,"San Jose, California",11/8/99,
XYL,Xylem Inc.,Industrials,Industrial Machinery,"White Plains, New York",11/1/11,
YUM,Yum! Brands Inc,Consumer Discretionary,Restaurants,"Louisville, Kentucky",10/6/97,
ZBH,Zimmer Biomet Holdings,Health Care,Health Care Equipment,"Warsaw, Indiana",8/7/01,
ZION,Zions Bancorp,Financials,Regional Banks,"Salt Lake City, Utah",6/22/01,
ZTS,Zoetis,Health Care,Pharmaceuticals,"Florham Park, New Jersey",6/21/13,